{"cameraMode":{"drawMode":0,"name":"Shaded","section":"Shading Mode"},"sceneLighting":false,"audioPlay":false,"sceneViewState":{"showFog":false,"showMaterialUpdate":true,"showSkybox":false,"showFlares":false,"showImageEffects":true,"showParticleSystems":false},"in2DMode":false,"pivot":{"x":-1.4882735013961793,"y":8.796294212341309,"z":-0.18785026669502259},"rotation":{"x":0.31935787200927737,"y":-0.21216623485088349,"z":0.07359769195318222,"w":0.9206408262252808},"size":11.374338150024414,"orthographic":false}